category,email_content
Work,"Project update meeting scheduled for tomorrow at 10 AM. Please confirm your availability."
Work,"Annual performance review scheduled next Monday. Please prepare your self-assessment."
Work,"Team meeting next Tuesday to discuss upcoming project deadlines and deliverables."
Work,"Thank you for attending the recent webinar. Here are some additional resources to explore."
Work,"Quarterly business review scheduled for next Friday. Please prepare your department’s performance overview."
Work,"Please review the attached project proposal draft and provide feedback by COB tomorrow."
Work,"Reminder: All project managers must submit weekly reports by Thursday."
Work,"Update: The client meeting has been postponed to Thursday at 3 PM. Let me know if you’re available."
Work,"New guidelines for remote work arrangements starting next month. Details in the attached document."
Work,"Notice: System maintenance scheduled for Saturday. Expect potential downtimes."
Work,"Reminder: Employee feedback session tomorrow. Join the link shared in the calendar invite."
Work,"Action required: Update your project tracking spreadsheet before the team review."
Work,"Training session on new software next Wednesday. Please RSVP if you can attend."
Work,"Expense reports for Q3 are due. Please submit your documents by Friday."
Work,"The client has requested a summary of our Q4 objectives. Please have it ready by next meeting."
Work,"Document review needed: Please provide your comments on the latest draft by Friday afternoon."
Work,"HR has scheduled your benefits review. Please bring any questions you may have."
Work,"Employee satisfaction survey available. Please take a few minutes to complete it."
Work,"Update your work availability for next quarter in the company portal by Monday."
Work,"The new project timeline is available. Please review and acknowledge."
Work,"Please submit your finalized project scope documents by the end of the day."
Work,"Department training on compliance protocols will take place next Wednesday."
Work,"Reminder: Complete your timesheets for this week by Friday afternoon."
Work,"The CEO’s presentation has been uploaded. Please review before the team meeting."
Work,"Final draft of the budget proposal is due next Tuesday. Please make any final adjustments."
Work,"Company-wide meeting scheduled for Friday morning. Attendance is mandatory."
Work,"Please review the attached client feedback and prepare a response."
Work,"Inventory report update needed. Please submit by the end of this week."
Work,"Prepare an agenda for the upcoming board meeting. Let me know if you need input."
Work,"All employees are required to complete cybersecurity training by the end of the month."
Work,"We’re conducting performance appraisals next week. Please schedule a time with your supervisor."
Work,"Reminder: Expense reimbursements are due for submission by Friday."
Work,"Client satisfaction survey results are in. Please review and prepare a report."
Work,"The quarterly performance metrics report is now available. Review it at your earliest convenience."
Work,"Sales team meeting tomorrow at 3 PM. Please bring updated client summaries."
Work,"HR has posted the new health and safety guidelines. Please review."
Work,"All staff are requested to update emergency contact details in the employee portal."
Work,"Reminder: Budget requests for next fiscal year are due by next month."
Work,"Management has scheduled a feedback session next Tuesday. Your attendance is appreciated."
Work,"Please review the attached training materials before attending the workshop."
Work,"New team members will be introduced in tomorrow’s meeting. Please join to welcome them."
Work,"Departmental report for this quarter is due next week. Please begin gathering data."
Work,"Your annual performance metrics are ready for review. Log into the portal to access."
Work,"Client meeting on Monday morning. Please review the project goals beforehand."
Work,"Complete the attached compliance checklist by the end of this week."
Work,"Reminder: Office will be closed on Monday for the public holiday."
Work,"Upcoming deadline: Submit draft report for internal review by Wednesday."
Work,"Please provide an update on project progress in tomorrow’s meeting."
Work,"Please register for the upcoming leadership training session."
Work,"Upload your signed agreements for the current project into the shared drive."
Work,"Team outing scheduled for next Thursday. RSVP if you plan to attend."
Work,"A detailed status report on the project’s progress is needed by COB today."
Work,"Please prepare your presentations for the monthly performance review meeting."
Work,"Newly revised team policies are available. Please familiarize yourself with them."
Work,"Quarterly financial review meeting scheduled for next week."
Work,"The final draft of the project proposal needs your approval by Thursday."
Work,"Reminder: Add your travel plans to the shared calendar."
Work,"Your workstation upgrade will be scheduled soon. Please clear any personal items."
Work,"We’ll be hosting a workshop on time management next Wednesday. Attendance is optional."
Work,"Please complete the attached document review checklist before submission."
Work,"Reminder: Complete the skills assessment survey by end of week."
Work,"All staff must attend the workplace safety briefing on Tuesday."
Work,"Annual team-building retreat scheduled for March. Confirm your availability."
Work,"Draft agenda for next week’s team meeting attached. Please review."
Work,"Please submit your progress report for the current project phase."
Work,"Reminder: Code reviews will take place on Thursday. Please prepare any necessary files."
Work,"Training session on the new software tools scheduled for next Monday."
Work,"Client meeting follow-up: Please submit a summary report by tomorrow."
Work,"Update your project timelines in the shared tracker by this Friday."
Work,"The IT team will perform maintenance on the server tonight. Expect possible disruptions."
Work,"New compliance standards were added. Ensure your work meets these requirements."
Work,"Manager check-ins are scheduled for this Friday. Please prepare discussion points."
Work,"We’re piloting a new tool for task management. Please complete the trial feedback form."
Work,"The final product review meeting will be held on Thursday. Prepare your updates."
Work,"Draft your upcoming quarter goals and submit them to your team lead."
Work,"Complete the company culture survey to help improve our workplace."
Work,"The monthly team check-in is set for tomorrow. Your participation is encouraged."
Work,"Your quarterly performance review will be next Wednesday. Check your calendar for details."
Work,"Please submit any outstanding timesheets by the end of the month."
Work,"The strategic planning workshop has been scheduled for next Tuesday."
Work,"Our department goals for the next fiscal year are now available. Please review."
Work,"Annual software training will begin next month. Register if you haven’t already."
Work,"Submit your travel expenses for the last quarter by the end of this week."
Work,"Marketing team meeting scheduled for Wednesday to discuss campaign updates."
Work,"HR has published the new employee handbook. Review it at your convenience."
Work,"Please schedule your mid-year performance review with your supervisor."
Work,"Reminder: Office supplies restock requests due by Thursday."
Work,"Prepare your project summary for the end-of-month review."
Work,"Please review the attached budget proposal and provide feedback."
Work,"The team lunch is on Friday at 12 PM. RSVP if you’re attending."
Work,"A new policy on remote work has been implemented. Review and comply."
Work,"Upcoming deadline for annual report submission. Ensure your section is complete."
Work,"Manager requests a list of your completed tasks for this quarter."
Work,"The budget for next year is under review. Submit your requests if needed."
Work,"Update your project progress in the shared document weekly."
Work,"The client expects a summary of our recent progress by Friday."
Work,"Draft a project plan for the new assignment and submit it by tomorrow."
Work,"Please attend the upcoming cross-departmental knowledge-sharing session."
Work,"Annual compliance training scheduled for next week. Attendance is mandatory."
Work,"Your manager requests your project status updates by end of the day."
Work,"Final version of the presentation needed for Monday’s client meeting."
Work,"Reminder: Staff are encouraged to use their vacation days before year-end."
Work,"Please provide feedback on the attached project roadmap by next Tuesday."
Work,"Update your skills profile in the employee portal by end of the month."
Work,"Schedule your one-on-one feedback session with your supervisor."
Work,"All team members must complete the budget training module by Friday."
Work,"Upload your deliverables to the project folder by end of today."
Work,"Confirm your availability for next week’s product planning meeting."
Promotional,"Big discount on Black Friday! Don't miss out on deals up to 50% off on electronics."
Promotional,"Exclusive offer just for you: Sign up today and save 20% on your first purchase."
Promotional,"Congratulations! You’ve won a free entry into this year’s summer sweepstakes. Claim your prize now."
Promotional,"Limited time offer! Get 30% off on all new collections, valid until Sunday!"
Promotional,"You’ve been selected! Redeem your special discount for our new loyalty program members."
Promotional,"Big sale! Get 2-for-1 deals on all accessories until midnight."
Promotional,"Weekend Flash Sale: 15% off site-wide with code FLASH15. Don't miss out!"
Promotional,"Holiday Specials are here! Save big on your favorite items. Offers end soon!"
Promotional,"Sign up today and get early access to our Black Friday deals!"
Promotional,"Just for you: Save 25% on your next purchase. Use code SAVENOW at checkout."
Promotional,"Exclusive deal: Buy one, get one free on selected items for a limited time!"
Promotional,"Check out our new arrivals and enjoy 10% off your first order."
Promotional,"Annual clearance sale starts now! Up to 70% off on selected items."
Promotional,"Free shipping on all orders over $50! Offer ends soon."
Promotional,"Limited edition products available now. Grab yours before they're gone!"
Promotional,"Sign up for our newsletter and receive 15% off your next purchase."
Promotional,"Celebrate the holiday season with special discounts up to 40% off!"
Promotional,"Last chance to grab our best-selling items before they’re sold out!"
Promotional,"Summer sale starts now! Save up to 35% on all outdoor gear."
Promotional,"Free gift with every purchase over $75. Don’t miss out!"
Promotional,"Special offer: Buy three items and get the fourth one free!"
Promotional,"Upgrade your subscription now and enjoy exclusive rewards."
Promotional,"New customers get 10% off on their first order. Shop now!"
Promotional,"Refer a friend and both of you receive a $10 discount."
Promotional,"Enjoy a free sample with every purchase for a limited time."
Promotional,"Save big on kitchen essentials! Discounts up to 50% off."
Promotional,"Celebrate our anniversary with up to 40% off selected items!"
Promotional,"Spring sale is here! Refresh your wardrobe with up to 30% off."
Promotional,"Shop our eco-friendly line and get 20% off your first order."
Promotional,"Our best-selling items are back in stock! Order now."
Promotional,"Members-only discount: 15% off when you log into your account."
Promotional,"Try our new product line and enjoy a 10% discount."
Promotional,"Subscribe now and receive a month of free service."
Promotional,"Download our app and get an exclusive 5% off your first purchase."
Promotional,"This week only: 2-for-1 on all accessories."
Promotional,"Loyalty members earn double points on purchases this weekend!"
Promotional,"Claim your free consultation by signing up today!"
Promotional,"Seasonal sale: Get 25% off on selected garden tools."
Promotional,"Join today and get early access to exclusive discounts."
Promotional,"Weekend-only sale: All items 20% off site-wide."
Promotional,"Student discount available! Get 15% off with valid ID."
Promotional,"Last chance to take advantage of our introductory prices!"
Promotional,"Subscribe to our mailing list and receive 10% off instantly."
Promotional,"Winter clearance: Save up to 60% on selected items."
Promotional,"Sign up for automatic delivery and save 5% on every order."
Promotional,"Enjoy $5 off your next order when you leave a product review."
Promotional,"Back-to-school sale: Discounts on all stationery products."
Promotional,"Exclusive sneak peek: New collection launching soon!"
Promotional,"Pre-order now and get a free gift with your purchase."
Promotional,"Join our VIP club for exclusive discounts and perks."
Promotional,"Save on shipping when you order three or more items!"
Promotional,"Happy hour sale: 10% off every item from 5-7 PM."
Promotional,"First-time customers enjoy a complimentary shipping offer."
Promotional,"Gift card promotion: Buy $50, get $10 free!"
Promotional,"Take advantage of our flash sale on electronics, today only!"
Promotional,"Enjoy special savings for loyalty program members only."
Promotional,"Book a service appointment and receive 15% off repairs."
Promotional,"This month only: Save on bundles for extra savings!"
Promotional,"Cyber Monday deals extended: Don’t miss out on the discounts."
Promotional,"Welcome gift: Sign up and receive a free item with your order."
Promotional,"Exclusive offer for you: 30% off your next subscription renewal."
Promotional,"Take our survey and get a $5 voucher toward your next purchase."
Promotional,"Clearance event: Up to 80% off on overstock items!"
Promotional,"Loyalty reward: Redeem points for discounts on your next purchase."
Promotional,"Special discount for teachers! Enjoy 20% off on all supplies."
Promotional,"Early bird offer: Save 10% on our new product line."
Promotional,"Upgrade your account for exclusive offers and faster service."
Promotional,"Celebrating Earth Day with 20% off eco-friendly products."
Promotional,"Take $10 off your order with promo code SAVE10."
Promotional,"Unlock free shipping when you buy two or more products."
Promotional,"End-of-season sale: Last chance for savings on selected items!"
Promotional,"Sign up for auto-refill and save 10% on each order."
Promotional,"VIP sale: Save an additional 15% with your membership."
Promotional,"Limited-time coupon code for 20% off at checkout."
Promotional,"Enjoy our winter sale with discounts on all outerwear."
Promotional,"Book a virtual consultation and receive a free gift."
Promotional,"Receive a free sample with any skincare purchase over $50."
Promotional,"Join us for our in-store event and enjoy exclusive discounts."
Promotional,"Holiday shipping deadline approaching! Order now for delivery."
Promotional,"Save up to 30% on gift sets, just in time for the holidays."
Promotional,"Birthday surprise: Enjoy a special discount on your big day!"
Promotional,"Refer friends to earn credits toward your next purchase."
Promotional,"Get ready for our new product drop! Sign up for notifications."
Promotional,"Celebrate your pet’s birthday with 15% off pet treats!"
Promotional,"Our biggest sale of the year is coming soon. Stay tuned!"
Promotional,"Enjoy free engraving on personalized items this week only."
Promotional,"Exclusive pre-sale access for loyalty members this weekend."
Promotional,"Thank you for being a customer! Enjoy a 10% loyalty discount."
Promotional,"Shop our best deals of the year, this weekend only!"
Promotional,"Shop with confidence: Free returns on all purchases."
Promotional,"Graduation special: 15% off all photo albums and frames."
Promotional,"Sign up for SMS alerts and receive 15% off your next order."
Promotional,"Back in stock! Order now before it’s gone again."
Promotional,"Spend over $100 and enjoy a free mystery gift."
Promotional,"Thanksgiving deal: Free pie with any in-store purchase."
Promotional,"Shop early for the holidays and save 10% on select items."
Promotional,"This month’s exclusive members-only offer is here!"
Promotional,"Save on sets! Buy any two products and get 10% off."
Promotional,"Reward your loyalty! Double points on all purchases this week."
Promotional,"Limited-time deal on home essentials—shop now!"
Promotional,"Earn rewards with every purchase. Sign up for our program."
Promotional,"Family & friends sale: 20% off everything, this weekend only."
Promotional,"Get cozy for fall with 15% off all sweaters and blankets."
Promotional,"Exclusive for newsletter subscribers: Early access to our sale."
Promotional,"Celebrate the season with special discounts on holiday decor."
Promotional,"First 50 orders get a free gift. Don’t miss out!"
Personal,"Dinner with family this Saturday at 7 PM. Let us know if you’ll be able to make it!"
Personal,"Hi, just wanted to check in and see how you're doing. Hope everything is going well!"
Personal,"Hey! Just wanted to remind you about the weekend brunch plan. Hope to see you there!"
Personal,"Let's catch up soon. When are you free this week?"
Personal,"Movie night this Friday at 8 PM! Let me know if you’ll join."
Personal,"Family picnic on Sunday. Would love to have you there!"
Personal,"Birthday party invitation: Join us in celebrating this Saturday at 5 PM."
Personal,"Just checking in to see how your week’s going. Miss talking to you!"
Personal,"Let’s plan a weekend getaway sometime soon. I’ll leave the dates up to you!"
Personal,"Don't forget about our yoga class on Saturday morning!"
Personal,"Hope you’re doing well. Any plans to visit soon?"
Personal,"Thinking of you and hoping everything’s going well on your end."
Personal,"Game night at my place! Bring your favorite snacks and let’s have some fun."
Personal,"Just got back from vacation—let's catch up and grab coffee sometime."
Personal,"Reminding you about our annual friend reunion next weekend!"
Personal,"Hey, don’t forget Mom’s birthday is coming up. Let’s plan something special."
Personal,"It’s been a while! Let's grab lunch this weekend if you’re free."
Personal,"Just a reminder to RSVP for the family gathering next month."
Personal,"Checking in to see if you’re up for a hike this Saturday."
Personal,"Just wanted to say hi! Let’s get together soon."
Personal,"I’ll be in town next week. Are you free to meet up?"
Personal,"Hey, just thought of you. Hope everything’s going well!"
Personal,"Happy Birthday! Let’s celebrate together soon."
Personal,"Let’s have a call this week. It’s been too long since we caught up!"
Personal,"Our book club meeting is coming up! Have you read the book yet?"
Personal,"BBQ at my place this Saturday—let me know if you’re coming."
Personal,"Don’t forget about our Saturday morning run! See you then."
Personal,"Planning a surprise party for Sarah. Can you help with the setup?"
Personal,"Looking forward to seeing you at the wedding next month!"
Personal,"Let’s plan a movie marathon night. I’ll bring the popcorn!"
Personal,"I’d love to hear about your new job—let’s catch up soon."
Personal,"Just wanted to check in and see how your family’s doing."
Personal,"We’re organizing a family video call this Sunday. Join if you can!"
Personal,"Thinking about you! Let’s schedule a lunch date."
Personal,"Game night at our place this Friday. Bring a friend if you’d like!"
Personal,"It’s been too long since we got together! How about a coffee date?"
Personal,"Are you up for a weekend road trip? Let me know!"
Personal,"Reminder: We’re going to the farmer’s market Saturday morning."
Personal,"Just a quick note to say I miss you. Hope we can meet soon!"
Personal,"Any interest in joining us for a cooking class this weekend?"
Personal,"Brunch with the usual crew next Sunday. Hope to see you there!"
Personal,"Just checking if you’re still up for our weekend plans."
Personal,"We’re planning a virtual game night. Let me know if you want in!"
Personal,"Let’s have a video chat soon! Miss seeing your face."
Personal,"Birthday dinner for Mom this Friday at 6 PM. Hope you can make it!"
Personal,"A little reminder about our movie night next Friday!"
Personal,"I'm hosting a small dinner party this Saturday—are you free?"
Personal,"Thinking about a beach day this Saturday if the weather's nice."
Personal,"Sending love and good vibes your way. Let’s catch up soon!"
Personal,"Let me know if you’re free for a weekend picnic in the park."
Personal,"Just checking in to see how work’s going for you."
Personal,"Looking forward to our lunch date next week!"
Personal,"Got tickets to the concert next month. Are you interested?"
Personal,"It’s family game night on Friday. Come if you can!"
Personal,"Don’t forget our coffee date tomorrow morning!"
Personal,"It’s been forever! Let’s plan a shopping trip soon."
Personal,"Looking forward to our next hiking trip! Let’s set a date."
Personal,"I’ll bring dessert if you’re hosting game night this week!"
Personal,"Come join us for dinner on Friday. It’ll be fun to catch up!"
Personal,"Reminder: we’re going on that morning run tomorrow!"
Personal,"Planning a camping trip next month. You should come!"
Personal,"Got your favorite treat waiting for you—come by soon!"
Personal,"We should plan a girls’ night out! It’s been too long."
Personal,"Inviting you to a small get-together this Saturday."
Personal,"Thanks for helping out with the party! Let’s celebrate soon!"
Personal,"Let's go to the flea market this weekend. Let me know if you're free!"
Personal,"Thanks for the gift! I’d love to meet up and catch up soon."
Personal,"Bringing you some homemade treats on Saturday!"
Personal,"Family dinner on Sunday! Join us if you’re free."
Personal,"Coffee date this week? Let’s make it happen!"
Personal,"We’re hosting a holiday brunch next week. Join us!"
Personal,"Just dropping a note to say I miss our get-togethers."
Personal,"Bringing you some of that recipe you love—can’t wait to catch up!"
Personal,"Let’s plan a karaoke night soon! It’ll be a blast."
Personal,"It’s my birthday next week! Would love for you to join the celebration."
Personal,"Our annual friends’ ski trip is coming up. Are you in?"
Personal,"We’re thinking of a picnic next weekend. Let me know if you’d like to come."
Personal,"Can’t wait to see you at the family reunion!"
Personal,"I’ll be in your area next week. Let’s meet up if you’re free."
Personal,"Thank you for the lovely gift! We need to catch up soon."
Personal,"Let’s do dinner next time you’re in town!"
Personal,"Come to our holiday party next Friday—bring a friend!"
Personal,"I’ve been thinking about our last trip together. Let’s do another soon!"
Personal,"Bringing a surprise treat for you on Saturday!"
Personal,"It’s our movie night tradition—are you free this weekend?"
Personal,"We’re organizing a volunteer day next month. Interested in joining?"
Personal,"Our annual family BBQ is coming up. Mark your calendar!"
Personal,"Would love to see you this weekend. Are you free for coffee?"
Personal,"Just wanted to say hi and that I miss you. Hope we can meet up soon."
Personal,"Celebrating a small milestone this weekend. Hope you can join us."
Personal,"Reminder about our Saturday morning yoga session!"
Personal,"Taking the kids to the zoo on Sunday. Join us if you’d like!"
Personal,"Looking forward to our holiday celebration next month."
Personal,"A little reminder to call me when you get a chance!"
Personal,"Sending you lots of love and good energy. Hope to catch up soon!"
Personal,"Just bought tickets for that concert we talked about. Let me know if you’re still in!"
Personal,"I miss our movie nights! Let’s plan one soon."
Personal,"It’s finally happening! I’d love for you to be there for the event next month."
Personal,"Just dropping a quick message to say I’m thinking of you."
Personal,"Any chance you’re free for a weekend getaway soon?"
Personal,"Looking forward to hearing all about your recent adventures!"
Personal,"We should plan a spa day together sometime soon!"
Urgent,"URGENT: Client requires immediate response on the project report. Please address this by EOD."
Urgent,"Don't forget to pay your utility bill due on the 15th of this month."
Urgent,"Friendly reminder: Your credit card payment is due in 3 days. Avoid late fees by paying on time."
Urgent,"URGENT: Quarterly tax filing due tomorrow. Please complete by end of day."
Urgent,"Immediate action needed: Password reset required due to recent suspicious login."
Urgent,"Important: Your account verification is pending. Complete it within 24 hours to avoid suspension."
Urgent,"Alert: Suspicious activity detected on your account. Verify your identity ASAP."
Urgent,"Notice: Payment due tomorrow. Avoid penalties by settling your bill immediately."
Urgent,"Last call: Confirm your attendance for tomorrow’s urgent meeting."
Urgent,"Critical update: Project timeline adjustments need approval today."
Urgent,"Immediate assistance required: Client’s request needs follow-up by EOD."
Urgent,"Final notice: Complete your mandatory compliance training by today."
Urgent,"Attention required: System outage in progress; follow alternative protocols."
Urgent,"URGENT: Please confirm your travel arrangements by end of day."
Urgent,"Immediate response needed on the project proposal. Submit by 5 PM."
Urgent,"Reminder: License renewal deadline is approaching. Complete before expiration."
Urgent,"Important notice: Unexpected server downtime. Please check status."
Urgent,"Action required: Update your payment information within 24 hours to avoid service disruption."
Urgent,"Urgent request for additional documentation. Submit by close of business."
Urgent,"Compliance deadline is tomorrow. Ensure all forms are submitted."
Urgent,"Emergency maintenance scheduled tonight. Save your work to prevent data loss."
Urgent,"Final reminder: Utility bill payment due today."
Urgent,"Immediate review needed for contract amendments. Respond with comments."
Urgent,"URGENT: Submit your timesheet today to avoid payroll delays."
Urgent,"Reminder: Complete client deliverables by the deadline tomorrow."
Urgent,"Security alert: Confirm your identity to prevent account suspension."
Urgent,"Action required: Check your financial statements for discrepancies."
Urgent,"Final chance to submit your project milestones for approval."
Urgent,"Please update the meeting agenda urgently. Meeting is tomorrow."
Urgent,"Deadline extension request needed. Contact us ASAP."
Urgent,"Account update required immediately to maintain access."
Urgent,"Critical alert: Unauthorized login detected. Review account activity."
Urgent,"Urgent survey completion required for compliance purposes."
Urgent,"Final opportunity to review the draft document before submission."
Urgent,"Important safety recall notice. Respond to arrange inspection."
Urgent,"Please finalize your travel details today for upcoming business trip."
Urgent,"Tax season reminder: Submit required documents by the end of the week."
Urgent,"URGENT: Confirm your attendance for the emergency team meeting."
Urgent,"Final reminder to register for upcoming mandatory training."
Urgent,"Immediate response required on financial report analysis."
Urgent,"Last opportunity to confirm participation in the upcoming event."
Urgent,"Important policy update: Review and acknowledge immediately."
Urgent,"URGENT: Action needed to secure your insurance coverage."
Urgent,"Please verify your recent transactions to prevent account freeze."
Urgent,"Reminder: Today's deadline for annual review submissions."
Urgent,"Respond to client feedback by EOD to maintain good standing."
Urgent,"Immediate attention required: Update project documentation."
Urgent,"Final call for feedback on the policy document. Submit today."
Urgent,"Urgent: Submit outstanding invoices by the end of this week."
Urgent,"Action required: Register for compliance webinar by tomorrow."
Urgent,"URGENT: System reboot scheduled for tonight. Save all files."
Urgent,"Last reminder: Account reactivation required before deadline."
Urgent,"Mandatory health screening tomorrow morning. Confirm attendance."
Urgent,"Check status of critical files before close of business today."
Urgent,"Immediate feedback requested on budget proposal by COB."
Urgent,"Urgent: Confirm shipping details for your recent order."
Urgent,"Deadline approaching for end-of-year performance reviews."
Urgent,"Security update: Change your password immediately."
Urgent,"Payment due for outstanding balance. Pay today to avoid late fees."
Urgent,"Final notice: Complete registration for the upcoming conference."
Urgent,"Please verify details for tomorrow’s client presentation."
Urgent,"Emergency notification: Severe weather alert for your area."
Urgent,"Action required: Report hours worked this week by 5 PM."
Urgent,"Review and sign updated contract by the end of the day."
Urgent,"Critical feedback needed on the product demo presentation."
Urgent,"System maintenance alert: Save your work to avoid data loss."
Urgent,"Your subscription expires soon. Renew today to avoid disruption."
Urgent,"Immediate submission of monthly report required by 3 PM."
Urgent,"Deadline reminder: Final project due tomorrow."
Urgent,"URGENT: Verify your payroll information by EOD today."
Urgent,"Payment overdue. Please settle your account to avoid penalties."
Urgent,"Submit final grades for approval before the deadline tomorrow."
Urgent,"Immediate feedback requested on draft proposal by today."
Urgent,"Important: Review updated emergency contact information."
Urgent,"Review all pending approvals by COB to avoid delays."
Urgent,"Please confirm your shift for tomorrow by the end of the day."
Urgent,"URGENT: Confirm availability for emergency meeting."
Urgent,"Immediate action: Update software to avoid security risks."
Urgent,"Account access is restricted. Verify identity immediately."
Urgent,"Final deadline for grant application submission."
Urgent,"Action required: Report project status to supervisor by noon."
Urgent,"Payment reminder: Balance due by close of business today."
Urgent,"Account suspension pending. Contact us immediately to resolve."
Urgent,"Your feedback is urgently needed on the latest project updates."
Urgent,"Complete the form by 5 PM today to finalize enrollment."
Urgent,"URGENT: Update your contact details in the system today."
Urgent,"Deadline for compliance certification is tomorrow. Complete now."
Urgent,"Critical: Finalize your work schedule for next month."
Urgent,"Immediate attention needed: Confirm details for tomorrow's event."
Urgent,"Report required: Submit end-of-week summary by EOD."
Urgent,"Important: Update your tax forms to prevent delays."
Urgent,"Final reminder to verify your account information."
Urgent,"Please submit pending approvals before the day ends."
Urgent,"Urgent maintenance notification. Backup files immediately."
Urgent,"Respond to urgent client inquiry by 2 PM today."
Urgent,"Deadline tomorrow for scholarship application submission."
Urgent,"Critical review required on document draft. Provide input."
Urgent,"Submit expense reports urgently to avoid delays."
Urgent,"Update your credentials to maintain account access."
Urgent,"Your project feedback is due today. Submit ASAP."
Urgent,"Security notification: Review recent logins for irregularities."
Urgent,"Final notice: Submit volunteer hours by end of today."
Urgent,"Please approve updated terms and conditions immediately."
Urgent,"Time-sensitive: Confirm RSVP for upcoming training session."